29791,	0,	0.090000, 	0.000000
29791,	1,	0.090000, 	3.141631
29791,	8,	0.090000, 	3.141488
29791,	27,	0.320000, 	3.141591
29791,	64,	0.700000, 	3.141555
29791,	125,	1.350000, 	3.141591
29791,	216,	2.300000, 	3.141572
29791,	343,	3.650000, 	3.141594
29791,	512,	5.430000, 	3.141581
29791,	729,	7.720000, 	3.141594
29791,	1000,	10.540000, 	3.141584
29791,	1331,	14.060000, 	3.141591
29791,	1728,	18.230000, 	3.141582
29791,	2197,	23.160000, 	3.141590
29791,	2744,	28.900000, 	3.141587
29791,	3375,	35.559998, 	3.141593
29791,	4096,	43.099998, 	3.141591
29791,	4913,	51.719997, 	3.141597
29791,	5832,	61.329998, 	3.141596
29791,	6859,	72.180000, 	3.141598
29791,	8000,	84.089996, 	3.141593
29791,	9261,	97.400002, 	3.141598
29791,	10648,	111.930000, 	3.141595
29791,	12167,	127.959999, 	3.141600
29791,	13824,	145.279999, 	3.141598
29791,	15625,	164.320007, 	3.141599
29791,	17576,	184.650009, 	3.141595
29791,	19683,	206.980011, 	3.141597
29791,	21952,	230.650009, 	3.141595
29791,	24389,	256.429993, 	3.141596
29791,	27000,	283.679993, 	3.141595

0,	29791,	0.000000, 	0.000000
1,	29791,	0.160000, 	3.141630
8,	29791,	0.160000, 	3.141593
27,	29791,	0.330000, 	3.141598
64,	29791,	0.660000, 	3.141597
125,	29791,	1.320000, 	3.141597
216,	29791,	2.320000, 	3.141597
343,	29791,	3.650000, 	3.141597
512,	29791,	5.320000, 	3.141597
729,	29791,	7.650000, 	3.141597
1000,	29791,	10.490001, 	3.141597
1331,	29791,	13.990001, 	3.141597
1728,	29791,	18.020000, 	3.141597
2197,	29791,	23.000000, 	3.141597
2744,	29791,	28.680000, 	3.141597
3375,	29791,	35.230000, 	3.141597
4096,	29791,	42.779999, 	3.141597
4913,	29791,	51.399998, 	3.141597
5832,	29791,	61.019997, 	3.141597
6859,	29791,	71.760002, 	3.141597
8000,	29791,	83.739998, 	3.141597
9261,	29791,	96.930000, 	3.141597
10648,	29791,	111.570000, 	3.141597
12167,	29791,	127.549995, 	3.141597
13824,	29791,	144.970001, 	3.141597
15625,	29791,	163.920013, 	3.141597
17576,	29791,	184.430008, 	3.141597
19683,	29791,	206.700012, 	3.141597
21952,	29791,	230.580002, 	3.141597
24389,	29791,	256.290009, 	3.141597
27000,	29791,	283.839996, 	3.141597
29791,	29791,	313.230011, 	3.141597

32768,	0,	0.100000, 	0.000000
32768,	1,	0.100000, 	3.141568
32768,	8,	0.100000, 	3.141488
32768,	27,	0.350000, 	3.141588
32768,	64,	0.770000, 	3.141555
32768,	125,	1.480000, 	3.141591
32768,	216,	2.530000, 	3.141572
32768,	343,	4.020000, 	3.141594
32768,	512,	5.970000, 	3.141581
32768,	729,	8.510000, 	3.141594
32768,	1000,	11.630000, 	3.141584
32768,	1331,	15.470000, 	3.141591
32768,	1728,	20.050001, 	3.141582
32768,	2197,	25.490000, 	3.141590
32768,	2744,	31.790001, 	3.141587
32768,	3375,	39.119999, 	3.141593
32768,	4096,	47.389999, 	3.141591
32768,	4913,	56.910000, 	3.141597
32768,	5832,	67.479996, 	3.141596
32768,	6859,	79.430000, 	3.141598
32768,	8000,	92.519997, 	3.141593
32768,	9261,	107.199997, 	3.141598
32768,	10648,	123.139999, 	3.141595
32768,	12167,	140.830002, 	3.141600
32768,	13824,	159.860001, 	3.141598
32768,	15625,	180.820007, 	3.141599
32768,	17576,	203.190002, 	3.141595
32768,	19683,	227.770004, 	3.141597
32768,	21952,	253.760010, 	3.141595
32768,	24389,	282.240021, 	3.141596
32768,	27000,	312.140015, 	3.141595
32768,	29791,	344.690002, 	3.141597

0,	32768,	0.000000, 	0.000000
1,	32768,	0.180000, 	3.141567
8,	32768,	0.180000, 	3.141594
27,	32768,	0.360000, 	3.141596
64,	32768,	0.730000, 	3.141596
125,	32768,	1.450000, 	3.141596
216,	32768,	2.550000, 	3.141596
343,	32768,	4.010000, 	3.141596
512,	32768,	5.850000, 	3.141596
729,	32768,	8.420000, 	3.141596
1000,	32768,	11.530001, 	3.141596
1331,	32768,	15.370001, 	3.141596
1728,	32768,	19.770000, 	3.141596
2197,	32768,	25.270000, 	3.141596
2744,	32768,	31.530001, 	3.141596
3375,	32768,	38.699997, 	3.141596
4096,	32768,	46.959999, 	3.141596
4913,	32768,	56.529999, 	3.141596
5832,	32768,	67.049995, 	3.141596
6859,	32768,	78.860001, 	3.141596
8000,	32768,	91.939995, 	3.141596
9261,	32768,	106.540001, 	3.141596
10648,	32768,	122.619995, 	3.141596
12167,	32768,	140.190002, 	3.141596
13824,	32768,	159.250000, 	3.141596
15625,	32768,	180.130005, 	3.141596
17576,	32768,	202.720001, 	3.141596
19683,	32768,	227.170013, 	3.141596
21952,	32768,	253.309998, 	3.141596
24389,	32768,	281.690002, 	3.141596
27000,	32768,	311.970001, 	3.141596
29791,	32768,	344.240021, 	3.141596
32768,	32768,	378.660004, 	3.141596

35937,	0,	0.110000, 	0.000000
35937,	1,	0.110000, 	3.141625
35937,	8,	0.110000, 	3.141488
35937,	27,	0.380000, 	3.141591
35937,	64,	0.850000, 	3.141555
35937,	125,	1.620000, 	3.141591
35937,	216,	2.780000, 	3.141572
35937,	343,	4.400000, 	3.141594
35937,	512,	6.550000, 	3.141581
35937,	729,	9.330000, 	3.141594
35937,	1000,	12.760000, 	3.141584
35937,	1331,	16.970001, 	3.141591
35937,	1728,	22.000000, 	3.141582
35937,	2197,	27.970001, 	3.141590
35937,	2744,	34.879997, 	3.141587
35937,	3375,	42.919998, 	3.141593
35937,	4096,	52.019997, 	3.141591
35937,	4913,	62.430000, 	3.141597
35937,	5832,	74.059998, 	3.141596
35937,	6859,	87.129997, 	3.141598
35937,	8000,	101.540001, 	3.141593
35937,	9261,	117.599998, 	3.141598
35937,	10648,	135.139999, 	3.141595
35937,	12167,	154.510010, 	3.141600
35937,	13824,	175.400009, 	3.141598
35937,	15625,	198.360001, 	3.141599
35937,	17576,	223.000000, 	3.141595
35937,	19683,	249.860001, 	3.141597
35937,	21952,	278.500000, 	3.141595
35937,	24389,	309.630005, 	3.141596
35937,	27000,	342.510010, 	3.141595
35937,	29791,	378.059998, 	3.141597
35937,	32768,	415.649994, 	3.141596

0,	35937,	0.000000, 	0.000000
1,	35937,	0.190000, 	3.141625
8,	35937,	0.200000, 	3.141594
27,	35937,	0.400000, 	3.141598
64,	35937,	0.800000, 	3.141597
125,	35937,	1.600000, 	3.141598
216,	35937,	2.790000, 	3.141597
343,	35937,	4.400000, 	3.141598
512,	35937,	6.430000, 	3.141598
729,	35937,	9.240001, 	3.141598
1000,	35937,	12.650001, 	3.141598
1331,	35937,	16.860001, 	3.141598
1728,	35937,	21.730000, 	3.141598
2197,	35937,	27.740000, 	3.141598
2744,	35937,	34.590000, 	3.141598
3375,	35937,	42.480000, 	3.141598
4096,	35937,	51.619999, 	3.141598
4913,	35937,	62.029999, 	3.141598
5832,	35937,	73.599998, 	3.141598
6859,	35937,	86.549995, 	3.141598
8000,	35937,	101.040001, 	3.141598
9261,	35937,	116.939995, 	3.141598
10648,	35937,	134.570007, 	3.141598
12167,	35937,	153.860001, 	3.141598
13824,	35937,	174.880005, 	3.141598
15625,	35937,	197.690002, 	3.141598
17576,	35937,	222.510010, 	3.141598
19683,	35937,	249.310013, 	3.141598
21952,	35937,	278.179993, 	3.141598
24389,	35937,	309.160004, 	3.141598
27000,	35937,	342.330017, 	3.141598
29791,	35937,	377.720001, 	3.141598
32768,	35937,	415.839996, 	3.141598
35937,	35937,	456.240021, 	3.141598

39304,	0,	0.120000, 	0.000000
39304,	1,	0.130000, 	3.141571
39304,	8,	0.120000, 	3.141488
39304,	27,	0.420000, 	3.141588
39304,	64,	0.930000, 	3.141555
39304,	125,	1.780000, 	3.141591
39304,	216,	3.040000, 	3.141572
39304,	343,	4.820000, 	3.141594
39304,	512,	7.170000, 	3.141581
39304,	729,	10.200001, 	3.141594
39304,	1000,	13.950001, 	3.141584
39304,	1331,	18.559999, 	3.141591
39304,	1728,	24.050001, 	3.141582
39304,	2197,	30.590000, 	3.141590
39304,	2744,	38.160000, 	3.141587
39304,	3375,	46.930000, 	3.141593
39304,	4096,	56.919998, 	3.141591
39304,	4913,	68.299995, 	3.141597
39304,	5832,	81.010002, 	3.141596
39304,	6859,	95.299995, 	3.141598
39304,	8000,	111.089996, 	3.141593
39304,	9261,	128.690002, 	3.141598
39304,	10648,	147.830002, 	3.141595
39304,	12167,	169.029999, 	3.141600
39304,	13824,	191.850006, 	3.141598
39304,	15625,	217.040009, 	3.141599
39304,	17576,	243.960007, 	3.141595
39304,	19683,	273.429993, 	3.141597
39304,	21952,	304.679993, 	3.141595
39304,	24389,	338.760010, 	3.141596
39304,	27000,	374.630005, 	3.141595
39304,	29791,	413.770020, 	3.141597
39304,	32768,	454.720001, 	3.141596
39304,	35937,	499.020020, 	3.141598

0,	39304,	0.000000, 	0.000000
1,	39304,	0.210000, 	3.141571
8,	39304,	0.220000, 	3.141593
27,	39304,	0.430000, 	3.141595
64,	39304,	0.870000, 	3.141595
125,	39304,	1.750000, 	3.141595
216,	39304,	3.060000, 	3.141595
343,	39304,	4.810000, 	3.141595
512,	39304,	7.020000, 	3.141595
729,	39304,	10.090000, 	3.141595
1000,	39304,	13.820001, 	3.141595
1331,	39304,	18.430000, 	3.141595
1728,	39304,	23.720001, 	3.141595
2197,	39304,	30.300001, 	3.141595
2744,	39304,	37.799999, 	3.141595
3375,	39304,	46.399998, 	3.141595
4096,	39304,	56.359997, 	3.141595
4913,	39304,	67.799995, 	3.141595
5832,	39304,	80.409996, 	3.141595
6859,	39304,	94.540001, 	3.141595
8000,	39304,	110.299995, 	3.141595
9261,	39304,	127.790001, 	3.141595
10648,	39304,	147.070007, 	3.141595
12167,	39304,	168.130005, 	3.141595
13824,	39304,	190.950012, 	3.141595
15625,	39304,	216.050003, 	3.141595
17576,	39304,	243.150009, 	3.141595
19683,	39304,	272.470001, 	3.141595
21952,	39304,	303.869995, 	3.141595
24389,	39304,	337.830017, 	3.141595
27000,	39304,	374.010010, 	3.141595
29791,	39304,	412.850006, 	3.141595
32768,	39304,	454.320007, 	3.141595
35937,	39304,	498.580017, 	3.141595
39304,	39304,	545.429993, 	3.141595

42875,	0,	0.130000, 	0.000000
42875,	1,	0.130000, 	3.141619
42875,	8,	0.130000, 	3.141488
42875,	27,	0.460000, 	3.141590
42875,	64,	1.020000, 	3.141555
42875,	125,	1.930000, 	3.141591
42875,	216,	3.320000, 	3.141572
42875,	343,	5.250000, 	3.141594
42875,	512,	7.830000, 	3.141581
42875,	729,	11.130000, 	3.141594
42875,	1000,	15.230000, 	3.141584
42875,	1331,	20.250000, 	3.141591
42875,	1728,	26.240000, 	3.141582
42875,	2197,	33.379997, 	3.141590
42875,	2744,	41.629997, 	3.141587
42875,	3375,	51.230000, 	3.141593
42875,	4096,	62.090000, 	3.141591
42875,	4913,	74.540001, 	3.141597
42875,	5832,	88.379997, 	3.141596
42875,	6859,	104.010002, 	3.141598
42875,	8000,	121.199997, 	3.141593
42875,	9261,	140.420013, 	3.141598
42875,	10648,	161.300003, 	3.141595
42875,	12167,	184.420013, 	3.141600
42875,	13824,	209.360001, 	3.141598
42875,	15625,	236.850006, 	3.141599
42875,	17576,	266.190002, 	3.141595
42875,	19683,	298.339996, 	3.141597
42875,	21952,	332.459991, 	3.141595
42875,	24389,	369.550018, 	3.141596
42875,	27000,	408.830017, 	3.141595
42875,	29791,	451.480011, 	3.141597
42875,	32768,	496.170013, 	3.141596
42875,	35937,	544.630005, 	3.141598
42875,	39304,	595.169983, 	3.141595

0,	42875,	0.000000, 	0.000000
1,	42875,	0.230000, 	3.141619
8,	42875,	0.240000, 	3.141593
27,	42875,	0.470000, 	3.141597
64,	42875,	0.950000, 	3.141595
125,	42875,	1.900000, 	3.141596
216,	42875,	3.330000, 	3.141595
343,	42875,	5.250000, 	3.141596
512,	42875,	7.660000, 	3.141595
729,	42875,	11.010000, 	3.141595
1000,	42875,	15.080000, 	3.141595
1331,	42875,	20.120001, 	3.141595
1728,	42875,	25.890001, 	3.141595
2197,	42875,	33.079998, 	3.141595
2744,	42875,	41.269997, 	3.141595
3375,	42875,	50.660000, 	3.141595
4096,	42875,	61.549999, 	3.141595
4913,	42875,	73.970001, 	3.141595
5832,	42875,	87.779999, 	3.141595
6859,	42875,	103.250000, 	3.141595
8000,	42875,	120.489998, 	3.141595
9261,	42875,	139.520004, 	3.141595
10648,	42875,	160.570007, 	3.141595
12167,	42875,	183.510010, 	3.141595
13824,	42875,	208.540009, 	3.141595
15625,	42875,	235.880005, 	3.141595
17576,	42875,	265.480011, 	3.141595
19683,	42875,	297.470001, 	3.141595
21952,	42875,	331.790009, 	3.141595
24389,	42875,	368.779999, 	3.141595
27000,	42875,	408.410004, 	3.141595
29791,	42875,	450.750000, 	3.141595
32768,	42875,	496.000000, 	3.141595
35937,	42875,	544.219971, 	3.141595
39304,	42875,	595.259949, 	3.141595
42875,	42875,	649.739990, 	3.141595

46656,	0,	0.140000, 	0.000000
46656,	1,	0.150000, 	3.141575
46656,	8,	0.140000, 	3.141488
46656,	27,	0.500000, 	3.141589
46656,	64,	1.100000, 	3.141555
46656,	125,	2.110000, 	3.141591
46656,	216,	3.620000, 	3.141572
46656,	343,	5.720000, 	3.141594
46656,	512,	8.520000, 	3.141581
46656,	729,	12.090000, 	3.141594
46656,	1000,	16.559999, 	3.141584
46656,	1331,	22.030001, 	3.141591
46656,	1728,	28.570000, 	3.141582
46656,	2197,	36.340000, 	3.141590
46656,	2744,	45.289997, 	3.141587
46656,	3375,	55.750000, 	3.141593
46656,	4096,	67.589996, 	3.141591
46656,	4913,	81.129997, 	3.141597
46656,	5832,	96.180000, 	3.141596
46656,	6859,	113.229996, 	3.141598
46656,	8000,	131.930008, 	3.141593
46656,	9261,	152.830002, 	3.141598
46656,	10648,	175.560013, 	3.141595
46656,	12167,	200.740005, 	3.141600
46656,	13824,	227.920013, 	3.141598
46656,	15625,	257.809998, 	3.141599
46656,	17576,	289.760010, 	3.141595
46656,	19683,	324.750000, 	3.141597
46656,	21952,	361.800018, 	3.141595
46656,	24389,	402.350006, 	3.141596
46656,	27000,	445.040009, 	3.141595
46656,	29791,	491.490021, 	3.141597
46656,	32768,	540.109985, 	3.141596
46656,	35937,	592.909973, 	3.141598
46656,	39304,	647.799988, 	3.141595
46656,	42875,	707.179993, 	3.141595

0,	46656,	0.000000, 	0.000000
1,	46656,	0.250000, 	3.141574
8,	46656,	0.260000, 	3.141593
27,	46656,	0.510000, 	3.141594
64,	46656,	1.030000, 	3.141594
125,	46656,	2.070000, 	3.141594
216,	46656,	3.630000, 	3.141594
343,	46656,	5.710000, 	3.141594
512,	46656,	8.330000, 	3.141594
729,	46656,	11.960000, 	3.141594
1000,	46656,	16.390001, 	3.141594
1331,	46656,	21.870001, 	3.141594
1728,	46656,	28.160000, 	3.141594
2197,	46656,	35.969997, 	3.141594
2744,	46656,	44.859997, 	3.141594
3375,	46656,	55.079998, 	3.141594
4096,	46656,	66.889999, 	3.141594
4913,	46656,	80.470001, 	3.141594
5832,	46656,	95.419998, 	3.141594
6859,	46656,	112.250000, 	3.141594
8000,	46656,	130.930008, 	3.141594
9261,	46656,	151.680008, 	3.141594
10648,	46656,	174.550003, 	3.141594
12167,	46656,	199.529999, 	3.141594
13824,	46656,	226.680008, 	3.141594
15625,	46656,	256.459991, 	3.141594
17576,	46656,	288.640015, 	3.141594
19683,	46656,	323.410004, 	3.141594
21952,	46656,	360.660004, 	3.141594
24389,	46656,	401.000000, 	3.141594
27000,	46656,	444.140015, 	3.141594
29791,	46656,	490.149994, 	3.141594
32768,	46656,	539.359985, 	3.141594
35937,	46656,	591.849976, 	3.141594
39304,	46656,	647.440002, 	3.141594
42875,	46656,	706.449951, 	3.141594
46656,	46656,	768.589966, 	6.283188

50653,	0,	0.160000, 	0.000000
50653,	1,	0.160000, 	3.141616
50653,	8,	0.160000, 	3.141488
50653,	27,	0.540000, 	3.141590
50653,	64,	1.200000, 	3.141555
50653,	125,	2.290000, 	3.141591
50653,	216,	3.920000, 	3.141572
50653,	343,	6.210000, 	3.141594
50653,	512,	9.250000, 	3.141581
50653,	729,	13.140000, 	3.141594
50653,	1000,	17.990000, 	3.141584
50653,	1331,	23.930000, 	3.141591
50653,	1728,	31.030001, 	3.141582
50653,	2197,	39.449997, 	3.141590
50653,	2744,	49.209999, 	3.141587
50653,	3375,	60.549999, 	3.141593
50653,	4096,	73.409996, 	3.141591
50653,	4913,	88.089996, 	3.141597
50653,	5832,	104.479996, 	3.141596
50653,	6859,	122.970001, 	3.141598
50653,	8000,	143.300003, 	3.141593
50653,	9261,	165.990005, 	3.141598
50653,	10648,	190.620010, 	3.141595
50653,	12167,	218.040009, 	3.141600
50653,	13824,	247.540009, 	3.141598
50653,	15625,	280.029999, 	3.141599
50653,	17576,	314.709991, 	3.141595
50653,	19683,	352.660004, 	3.141597
50653,	21952,	392.970001, 	3.141595
50653,	24389,	436.959991, 	3.141596
50653,	27000,	483.399994, 	3.141595
50653,	29791,	533.779968, 	3.141597
50653,	32768,	586.669983, 	3.141596
50653,	35937,	643.880005, 	3.141598
50653,	39304,	703.559998, 	3.141595
50653,	42875,	767.729980, 	6.283192
50653,	46656,	833.919983, 	6.283188

0,	50653,	0.000000, 	0.000000
1,	50653,	0.270000, 	3.141615
8,	50653,	0.280000, 	3.141593
27,	50653,	0.560000, 	3.141597
64,	50653,	1.130000, 	3.141596
125,	50653,	2.250000, 	3.141596
216,	50653,	3.940000, 	3.141596
343,	50653,	6.200000, 	3.141596
512,	50653,	9.060000, 	3.141596
729,	50653,	13.000000, 	3.141596
1000,	50653,	17.809999, 	3.141596
1331,	50653,	23.740000, 	3.141596
1728,	50653,	30.600000, 	3.141596
2197,	50653,	39.070000, 	3.141596
2744,	50653,	48.739998, 	3.141596
3375,	50653,	59.859997, 	3.141596
4096,	50653,	72.729996, 	3.141596
4913,	50653,	87.389999, 	3.141596
5832,	50653,	103.699997, 	3.141596
6859,	50653,	121.970001, 	3.141596
8000,	50653,	142.400009, 	3.141596
9261,	50653,	164.810013, 	3.141596
10648,	50653,	189.620010, 	3.141596
12167,	50653,	216.820007, 	3.141596
13824,	50653,	246.480011, 	3.141596
15625,	50653,	278.690002, 	3.141596
17576,	50653,	313.640015, 	3.141596
19683,	50653,	351.399994, 	3.141596
21952,	50653,	391.990021, 	3.141596
24389,	50653,	435.730011, 	3.141596
27000,	50653,	482.540009, 	3.141596
29791,	50653,	532.529968, 	3.141596
32768,	50653,	586.139954, 	3.141596
35937,	50653,	643.009949, 	3.141596
39304,	50653,	703.440002, 	3.141596
42875,	50653,	767.239990, 	6.283190
46656,	50653,	834.339966, 	6.283190
50653,	50653,	905.559998, 	6.283190

54872,	0,	0.170000, 	0.000000
54872,	1,	0.170000, 	3.141578
54872,	8,	0.170000, 	3.141488
54872,	27,	0.590000, 	3.141589
54872,	64,	1.300000, 	3.141555
54872,	125,	2.480000, 	3.141591
54872,	216,	4.250000, 	3.141572
54872,	343,	6.730000, 	3.141594
54872,	512,	10.020000, 	3.141581
54872,	729,	14.250000, 	3.141594
54872,	1000,	19.490000, 	3.141584
54872,	1331,	25.930000, 	3.141591
54872,	1728,	33.609997, 	3.141582
54872,	2197,	42.739998, 	3.141590
54872,	2744,	53.309998, 	3.141587
54872,	3375,	65.610001, 	3.141593
54872,	4096,	79.549995, 	3.141591
54872,	4913,	95.439995, 	3.141597
54872,	5832,	113.220001, 	3.141596
54872,	6859,	133.260010, 	3.141598
54872,	8000,	155.290009, 	3.141593
54872,	9261,	179.870010, 	3.141598
54872,	10648,	206.630005, 	3.141595
54872,	12167,	236.320007, 	3.141600
54872,	13824,	268.279999, 	3.141598
54872,	15625,	303.420013, 	3.141599
54872,	17576,	341.010010, 	3.141595
54872,	19683,	382.100006, 	3.141597
54872,	21952,	425.910004, 	3.141595
54872,	24389,	473.589996, 	3.141596
54872,	27000,	523.839966, 	3.141595
54872,	29791,	578.479980, 	3.141597
54872,	32768,	635.750000, 	3.141596
54872,	35937,	697.729980, 	3.141598
54872,	39304,	762.169983, 	6.283189
54872,	42875,	831.209961, 	6.283192
54872,	46656,	903.199951, 	6.283188
54872,	50653,	980.880005, 	6.283190

0,	54872,	0.000000, 	0.000000
1,	54872,	0.300000, 	3.141577
8,	54872,	0.300000, 	3.141593
27,	54872,	0.610000, 	3.141594
64,	54872,	1.220000, 	3.141594
125,	54872,	2.430000, 	3.141594
216,	54872,	4.260000, 	3.141594
343,	54872,	6.710000, 	3.141594
512,	54872,	9.790000, 	3.141594
729,	54872,	14.060000, 	3.141594
1000,	54872,	19.280001, 	3.141594
1331,	54872,	25.700001, 	3.141594
1728,	54872,	33.099998, 	3.141594
2197,	54872,	42.279999, 	3.141594
2744,	54872,	52.750000, 	3.141594
3375,	54872,	64.779999, 	3.141594
4096,	54872,	78.669998, 	3.141594
4913,	54872,	94.619995, 	3.141594
5832,	54872,	112.239998, 	3.141594
6859,	54872,	132.020004, 	3.141594
8000,	54872,	154.010010, 	3.141594
9261,	54872,	178.389999, 	3.141594
10648,	54872,	205.290009, 	3.141594
12167,	54872,	234.700012, 	3.141594
13824,	54872,	266.690002, 	3.141594
15625,	54872,	301.610016, 	3.141594
17576,	54872,	339.420013, 	3.141594
19683,	54872,	380.230011, 	3.141594
21952,	54872,	424.130005, 	3.141594
24389,	54872,	471.190002, 	3.141594
27000,	54872,	522.269958, 	3.141594
29791,	54872,	576.479980, 	3.141594
32768,	54872,	634.319946, 	3.141594
35937,	54872,	695.989990, 	3.141594
39304,	54872,	761.109985, 	6.283189
42875,	54872,	829.639954, 	6.283189
46656,	54872,	902.579956, 	6.283189
50653,	54872,	979.839966, 	6.283189
54872,	54872,	1061.569946, 	6.283189

59319,	0,	0.180000, 	0.000000
59319,	1,	0.180000, 	3.141613
59319,	8,	0.180000, 	3.141488
59319,	27,	0.630000, 	3.141590
59319,	64,	1.400000, 	3.141555
59319,	125,	2.690000, 	3.141591
59319,	216,	4.600000, 	3.141572
59319,	343,	7.280000, 	3.141594
59319,	512,	10.830000, 	3.141581
59319,	729,	15.410001, 	3.141594
59319,	1000,	21.070000, 	3.141584
59319,	1331,	28.030001, 	3.141591
59319,	1728,	36.340000, 	3.141582
59319,	2197,	46.209999, 	3.141590
59319,	2744,	57.669998, 	3.141587
59319,	3375,	70.949997, 	3.141593
59319,	4096,	86.019997, 	3.141591
59319,	4913,	103.229996, 	3.141597
59319,	5832,	122.430000, 	3.141596
59319,	6859,	144.110001, 	3.141598
59319,	8000,	167.900009, 	3.141593
59319,	9261,	194.470001, 	3.141598
59319,	10648,	223.450012, 	3.141595
59319,	12167,	255.520004, 	3.141600
59319,	13824,	290.110016, 	3.141598
59319,	15625,	328.130005, 	3.141599
59319,	17576,	368.700012, 	3.141595
59319,	19683,	413.300018, 	3.141597
59319,	21952,	460.619995, 	3.141595
59319,	24389,	512.069946, 	3.141596
59319,	27000,	566.509949, 	3.141595
59319,	29791,	625.539978, 	3.141597
59319,	32768,	687.419983, 	3.141596
59319,	35937,	754.349976, 	3.141598
59319,	39304,	823.389954, 	6.283189
59319,	42875,	898.339966, 	6.283192
59319,	46656,	976.339966, 	6.283188
59319,	50653,	1060.579956, 	6.283190
59319,	54872,	1147.719971, 	6.283189

0,	59319,	0.000000, 	0.000000
1,	59319,	0.320000, 	3.141613
8,	59319,	0.330000, 	3.141594
27,	59319,	0.650000, 	3.141597
64,	59319,	1.320000, 	3.141596
125,	59319,	2.640000, 	3.141596
216,	59319,	4.620000, 	3.141596
343,	59319,	7.260000, 	3.141596
512,	59319,	10.600000, 	3.141596
729,	59319,	15.210000, 	3.141596
1000,	59319,	20.840000, 	3.141596
1331,	59319,	27.790001, 	3.141596
1728,	59319,	35.829998, 	3.141596
2197,	59319,	45.739998, 	3.141596
2744,	59319,	57.070000, 	3.141596
3375,	59319,	70.089996, 	3.141596
4096,	59319,	85.129997, 	3.141596
4913,	59319,	102.269997, 	3.141596
5832,	59319,	121.439995, 	3.141596
6859,	59319,	142.850006, 	3.141596
8000,	59319,	166.680008, 	3.141596
9261,	59319,	192.970001, 	3.141596
10648,	59319,	222.130005, 	3.141596
12167,	59319,	253.930008, 	3.141596
13824,	59319,	288.600006, 	3.141596
15625,	59319,	326.369995, 	3.141596
17576,	59319,	367.200012, 	3.141596
19683,	59319,	411.470001, 	3.141596
21952,	59319,	459.059998, 	3.141596
24389,	59319,	510.260010, 	3.141596
27000,	59319,	565.159973, 	3.141596
29791,	59319,	623.679993, 	3.141596
32768,	59319,	686.289978, 	3.141596
35937,	59319,	752.729980, 	3.141596
39304,	59319,	822.639954, 	6.283193
42875,	59319,	897.109985, 	6.283193
46656,	59319,	976.139954, 	6.283193
50653,	59319,	1059.770020, 	6.283193
54872,	59319,	1148.289917, 	6.283193
59319,	59319,	1241.699951, 	6.283193

64000,	0,	0.200000, 	0.000000
64000,	1,	0.200000, 	3.141581
64000,	8,	0.200000, 	3.141488
64000,	27,	0.680000, 	3.141589
64000,	64,	1.510000, 	3.141555
64000,	125,	2.890000, 	3.141591
64000,	216,	4.950000, 	3.141572
64000,	343,	7.860000, 	3.141594
64000,	512,	11.690001, 	3.141581
64000,	729,	16.620001, 	3.141594
64000,	1000,	22.740000, 	3.141584
64000,	1331,	30.260000, 	3.141591
64000,	1728,	39.230000, 	3.141582
64000,	2197,	49.879997, 	3.141590
64000,	2744,	62.219997, 	3.141587
64000,	3375,	76.570000, 	3.141593
64000,	4096,	92.799995, 	3.141591
64000,	4913,	111.430000, 	3.141597
64000,	5832,	132.130005, 	3.141596
64000,	6859,	155.470001, 	3.141598
64000,	8000,	181.180008, 	3.141593
64000,	9261,	209.910004, 	3.141598
64000,	10648,	241.170013, 	3.141595
64000,	12167,	275.790009, 	3.141600
64000,	13824,	313.050018, 	3.141598
64000,	15625,	354.110016, 	3.141599
64000,	17576,	397.959991, 	3.141595
64000,	19683,	446.050018, 	3.141597
64000,	21952,	497.040009, 	3.141595
64000,	24389,	552.750000, 	3.141596
64000,	27000,	611.309998, 	3.141595
64000,	29791,	675.049988, 	3.141597
64000,	32768,	741.750000, 	3.141596
64000,	35937,	813.309998, 	6.283192
64000,	39304,	888.029968, 	6.283189
64000,	42875,	969.089966, 	6.283192
64000,	46656,	1053.439941, 	6.283188
64000,	50653,	1144.329956, 	6.283190
64000,	54872,	1238.630005, 	6.283189
64000,	59319,	1340.010010, 	6.283193

0,	64000,	0.000000, 	0.000000
1,	64000,	0.350000, 	3.141580
8,	64000,	0.350000, 	3.141594
27,	64000,	0.710000, 	3.141595
64,	64000,	1.410000, 	3.141595
125,	64000,	2.840000, 	3.141595
216,	64000,	4.970000, 	3.141595
343,	64000,	7.830000, 	3.141595
512,	64000,	11.410001, 	3.141595
729,	64000,	16.400000, 	3.141595
1000,	64000,	22.460001, 	3.141595
1331,	64000,	29.970001, 	3.141595
1728,	64000,	38.609997, 	3.141595
2197,	64000,	49.309998, 	3.141595
2744,	64000,	61.519997, 	3.141595
3375,	64000,	75.549995, 	3.141595
4096,	64000,	91.720001, 	3.141595
4913,	64000,	110.360001, 	3.141595
5832,	64000,	130.900009, 	3.141595
6859,	64000,	153.960007, 	3.141595
8000,	64000,	179.570007, 	3.141595
9261,	64000,	208.070007, 	3.141595
10648,	64000,	239.440002, 	3.141595
12167,	64000,	273.740021, 	3.141595
13824,	64000,	311.029999, 	3.141595
15625,	64000,	351.790009, 	3.141595
17576,	64000,	395.860016, 	3.141595
19683,	64000,	443.589996, 	3.141595
21952,	64000,	494.660004, 	3.141595
24389,	64000,	550.119995, 	3.141595
27000,	64000,	609.199951, 	3.141595
29791,	64000,	672.289978, 	3.141595
32768,	64000,	739.520020, 	3.141595
35937,	64000,	810.779968, 	6.283190
39304,	64000,	886.319946, 	6.283190
42875,	64000,	966.529968, 	6.283190
46656,	64000,	1051.849976, 	6.283190
50653,	64000,	1142.169922, 	6.283190
54872,	64000,	1237.530029, 	6.283190
59319,	64000,	1338.479980, 	6.283190
64000,	64000,	1444.299927, 	6.283190

68921,	0,	0.210000, 	0.000000
68921,	1,	0.210000, 	3.141611
68921,	8,	0.210000, 	3.141488
68921,	27,	0.730000, 	3.141590
68921,	64,	1.630000, 	3.141555
68921,	125,	3.120000, 	3.141591
68921,	216,	5.340000, 	3.141572
68921,	343,	8.470000, 	3.141594
68921,	512,	12.590000, 	3.141581
68921,	729,	17.890001, 	3.141594
68921,	1000,	24.490000, 	3.141584
68921,	1331,	32.529999, 	3.141591
68921,	1728,	42.239998, 	3.141582
68921,	2197,	53.719997, 	3.141590
68921,	2744,	67.029999, 	3.141587
68921,	3375,	82.470001, 	3.141593
68921,	4096,	99.979996, 	3.141591
68921,	4913,	120.010002, 	3.141597
68921,	5832,	142.250000, 	3.141596
68921,	6859,	167.310013, 	3.141598
68921,	8000,	195.150009, 	3.141593
68921,	9261,	226.090012, 	3.141598
68921,	10648,	259.779999, 	3.141595
68921,	12167,	297.080017, 	3.141600
68921,	13824,	337.200012, 	3.141598
68921,	15625,	381.300018, 	3.141599
68921,	17576,	428.720001, 	3.141595
68921,	19683,	480.500000, 	3.141597
68921,	21952,	535.279968, 	3.141595
68921,	24389,	595.369995, 	3.141596
68921,	27000,	658.149963, 	3.141595
68921,	29791,	727.079956, 	3.141597
68921,	32768,	798.289978, 	6.283191
68921,	35937,	875.449951, 	6.283192
68921,	39304,	956.019958, 	6.283189
68921,	42875,	1043.619995, 	6.283192
68921,	46656,	1134.319946, 	6.283188
68921,	50653,	1231.760010, 	6.283190
68921,	54872,	1333.989990, 	6.283189
68921,	59319,	1442.000000, 	6.283193
68921,	64000,	1554.719971, 	6.283304

0,	68921,	0.000000, 	0.000000
1,	68921,	0.370000, 	3.141611
8,	68921,	0.380000, 	3.141595
27,	68921,	0.760000, 	3.141597
64,	68921,	1.530000, 	3.141596
125,	68921,	3.060000, 	3.141597
216,	68921,	5.360000, 	3.141597
343,	68921,	8.450001, 	3.141597
512,	68921,	12.300000, 	3.141597
729,	68921,	17.670000, 	3.141597
1000,	68921,	24.210001, 	3.141597
1331,	68921,	32.289997, 	3.141597
1728,	68921,	41.599998, 	3.141597
2197,	68921,	53.139999, 	3.141597
2744,	68921,	66.299995, 	3.141597
3375,	68921,	81.419998, 	3.141597
4096,	68921,	98.760002, 	3.141597
4913,	68921,	118.720001, 	3.141597
5832,	68921,	141.100006, 	3.141597
6859,	68921,	165.940002, 	3.141597
8000,	68921,	193.620010, 	3.141597
9261,	68921,	224.240005, 	3.141597
10648,	68921,	258.040009, 	3.141597
12167,	68921,	294.880005, 	3.141597
13824,	68921,	335.270020, 	3.141597
15625,	68921,	379.020020, 	3.141597
17576,	68921,	426.649994, 	3.141597
19683,	68921,	478.170013, 	3.141597
21952,	68921,	533.349976, 	3.141597
24389,	68921,	592.880005, 	3.141597
27000,	68921,	656.569946, 	3.141597
29791,	68921,	724.399963, 	3.141597
32768,	68921,	796.440002, 	6.283193
35937,	68921,	873.119995, 	6.283193
39304,	68921,	954.709961, 	6.283193
42875,	68921,	1041.260010, 	6.283193
46656,	68921,	1133.429932, 	6.283193
50653,	68921,	1230.910034, 	6.283193
54872,	68921,	1333.969971, 	6.283193
59319,	68921,	1442.349976, 	6.283193
64000,	68921,	1555.729980, 	6.283212
68921,	68921,	1675.069946, 	6.283212

74088,	0,	0.230000, 	0.000000
74088,	1,	0.230000, 	3.141583
74088,	8,	0.230000, 	3.141488
74088,	27,	0.790000, 	3.141589
74088,	64,	1.750000, 	3.141555
74088,	125,	3.350000, 	3.141591
74088,	216,	5.740000, 	3.141572
74088,	343,	9.110001, 	3.141594
74088,	512,	13.530001, 	3.141581
74088,	729,	19.250000, 	3.141594
74088,	1000,	26.330000, 	3.141584
74088,	1331,	35.039997, 	3.141591
74088,	1728,	45.410000, 	3.141582
74088,	2197,	57.769997, 	3.141590
74088,	2744,	72.070000, 	3.141587
74088,	3375,	88.680000, 	3.141593
74088,	4096,	107.489998, 	3.141591
74088,	4913,	129.050003, 	3.141597
74088,	5832,	153.050003, 	3.141596
74088,	6859,	180.090012, 	3.141598
74088,	8000,	209.850006, 	3.141593
74088,	9261,	243.160004, 	3.141598
74088,	10648,	279.300018, 	3.141595
74088,	12167,	319.429993, 	3.141600
74088,	13824,	362.570007, 	3.141598
74088,	15625,	410.140015, 	3.141599
74088,	17576,	460.950012, 	3.141595
74088,	19683,	516.609985, 	3.141597
74088,	21952,	575.750000, 	3.141595
74088,	24389,	640.190002, 	3.141596
74088,	27000,	708.069946, 	3.141595
74088,	29791,	781.289978, 	6.283191
74088,	32768,	857.839966, 	6.283191
74088,	35937,	941.039978, 	6.283192
74088,	39304,	1028.020020, 	6.283189
74088,	42875,	1121.939941, 	6.283192
74088,	46656,	1219.880005, 	6.283188
74088,	50653,	1325.380005, 	6.283190
74088,	54872,	1434.530029, 	6.283189
74088,	59319,	1551.280029, 	6.283153
74088,	64000,	1670.760010, 	6.283304
74088,	68921,	1800.559937, 	6.283212

0,	74088,	0.000000, 	0.000000
1,	74088,	0.400000, 	3.141583
8,	74088,	0.410000, 	3.141594
27,	74088,	0.820000, 	3.141595
64,	74088,	1.640000, 	3.141595
125,	74088,	3.280000, 	3.141595
216,	74088,	5.760000, 	3.141595
343,	74088,	9.070001, 	3.141595
512,	74088,	13.200001, 	3.141595
729,	74088,	18.970001, 	3.141595
1000,	74088,	26.010000, 	3.141595
1331,	74088,	34.669998, 	3.141595
1728,	74088,	44.660000, 	3.141595
2197,	74088,	57.070000, 	3.141595
2744,	74088,	71.169998, 	3.141595
3375,	74088,	87.430000, 	3.141595
4096,	74088,	106.169998, 	3.141595
4913,	74088,	127.750000, 	3.141595
5832,	74088,	151.520004, 	3.141595
6859,	74088,	178.200012, 	3.141595
8000,	74088,	207.850006, 	3.141595
9261,	74088,	240.820007, 	3.141595
10648,	74088,	277.140015, 	3.141595
12167,	74088,	316.880005, 	3.141595
13824,	74088,	359.899994, 	3.141595
15625,	74088,	407.200012, 	3.141595
17576,	74088,	458.330017, 	3.141595
19683,	74088,	513.489990, 	3.141595
21952,	74088,	572.709961, 	3.141595
24389,	74088,	636.799988, 	3.141595
27000,	74088,	705.119995, 	3.141595
29791,	74088,	777.570007, 	6.283191
32768,	74088,	854.739990, 	6.283191
35937,	74088,	937.309998, 	6.283191
39304,	74088,	1025.309937, 	6.283191
42875,	74088,	1118.469971, 	6.283191
46656,	74088,	1217.380005, 	6.283191
50653,	74088,	1321.949951, 	6.283191
54872,	74088,	1432.689941, 	6.283191
59319,	74088,	1548.469971, 	6.283206
64000,	74088,	1670.079956, 	6.283206
68921,	74088,	1798.479980, 	6.283206
74088,	74088,	1933.579956, 	6.283206

79507,	0,	0.250000, 	0.000000
79507,	1,	0.250000, 	3.141609
79507,	8,	0.250000, 	3.141488
79507,	27,	0.850000, 	3.141590
79507,	64,	1.880000, 	3.141555
79507,	125,	3.600000, 	3.141591
79507,	216,	6.170000, 	3.141572
79507,	343,	9.780000, 	3.141594
79507,	512,	14.520000, 	3.141581
79507,	729,	20.650000, 	3.141594
79507,	1000,	28.260000, 	3.141584
79507,	1331,	37.599998, 	3.141591
79507,	1728,	48.730000, 	3.141582
79507,	2197,	62.009998, 	3.141590
79507,	2744,	77.349998, 	3.141587
79507,	3375,	95.169998, 	3.141593
79507,	4096,	115.419998, 	3.141591
79507,	4913,	138.529999, 	3.141597
79507,	5832,	164.290009, 	3.141596
79507,	6859,	193.290009, 	3.141598
79507,	8000,	225.290009, 	3.141593
79507,	9261,	261.019989, 	3.141598
79507,	10648,	299.839996, 	3.141595
79507,	12167,	342.869995, 	3.141600
79507,	13824,	389.140015, 	3.141598
79507,	15625,	440.290009, 	3.141599
79507,	17576,	494.869995, 	3.141595
79507,	19683,	554.620056, 	3.141597
79507,	21952,	618.039978, 	3.141595
79507,	24389,	687.169983, 	3.141596
79507,	27000,	759.869995, 	3.141595
79507,	29791,	838.069946, 	6.283191
79507,	32768,	920.440002, 	6.283191
79507,	35937,	1009.750000, 	6.283192
79507,	39304,	1103.319946, 	6.283189
79507,	42875,	1204.339966, 	6.283192
79507,	46656,	1308.039917, 	6.283188
79507,	50653,	1422.150024, 	6.283190
79507,	54872,	1539.010010, 	6.283222
79507,	59319,	1663.189941, 	6.283153
79507,	64000,	1791.979980, 	6.283304
79507,	68921,	1932.150024, 	6.283212
79507,	74088,	2075.200195, 	6.283206

0,	79507,	0.000000, 	0.000000
1,	79507,	0.430000, 	3.141608
8,	79507,	0.440000, 	3.141594
27,	79507,	0.880000, 	3.141596
64,	79507,	1.760000, 	3.141595
125,	79507,	3.530000, 	3.141596
216,	79507,	6.170000, 	3.141596
343,	79507,	9.720000, 	3.141596
512,	79507,	14.160001, 	3.141596
729,	79507,	20.380001, 	3.141596
1000,	79507,	27.890001, 	3.141596
1331,	79507,	37.180000, 	3.141596
1728,	79507,	47.910000, 	3.141596
2197,	79507,	61.199997, 	3.141596
2744,	79507,	76.379997, 	3.141596
3375,	79507,	93.889999, 	3.141596
4096,	79507,	114.039993, 	3.141596
4913,	79507,	136.920013, 	3.141596
5832,	79507,	162.740005, 	3.141596
6859,	79507,	191.360001, 	3.141596
8000,	79507,	223.120010, 	3.141596
9261,	79507,	258.300018, 	3.141596
10648,	79507,	297.270020, 	3.141596
12167,	79507,	339.839996, 	3.141596
13824,	79507,	386.240021, 	3.141596
15625,	79507,	436.869995, 	3.141596
17576,	79507,	491.929993, 	3.141596
19683,	79507,	551.040039, 	3.141596
21952,	79507,	614.720032, 	3.141596
24389,	79507,	683.430054, 	3.141596
27000,	79507,	756.530029, 	3.141596
29791,	79507,	833.940002, 	6.283189
32768,	79507,	917.899963, 	6.283189
35937,	79507,	1006.429993, 	6.283189
39304,	79507,	1101.349976, 	6.283189
42875,	79507,	1201.250000, 	6.283189
46656,	79507,	1307.239990, 	6.283189
50653,	79507,	1419.900024, 	6.283189
54872,	79507,	1538.030029, 	6.284374
59319,	79507,	1662.049927, 	6.284374
64000,	79507,	1793.189941, 	6.284374
68921,	79507,	1931.159912, 	6.284374
74088,	79507,	2076.440186, 	6.284374
79507,	79507,	2228.969971, 	6.284374

85184,	0,	0.270000, 	0.000000
85184,	1,	0.260000, 	3.141584
85184,	8,	0.260000, 	3.141488
85184,	27,	0.910000, 	3.141589
85184,	64,	2.020000, 	3.141555
85184,	125,	3.850000, 	3.141591
85184,	216,	6.610000, 	3.141572
85184,	343,	10.470000, 	3.141594
85184,	512,	15.570001, 	3.141581
85184,	729,	22.120001, 	3.141594
85184,	1000,	30.280001, 	3.141584
85184,	1331,	40.299999, 	3.141591
85184,	1728,	52.239998, 	3.141582
85184,	2197,	66.449997, 	3.141590
85184,	2744,	82.889999, 	3.141587
85184,	3375,	101.969994, 	3.141593
85184,	4096,	123.659996, 	3.141591
85184,	4913,	148.440002, 	3.141597
85184,	5832,	176.020004, 	3.141596
85184,	6859,	207.180008, 	3.141598
85184,	8000,	241.440002, 	3.141593
85184,	9261,	279.709991, 	3.141598
85184,	10648,	321.330017, 	3.141595
85184,	12167,	367.369995, 	3.141600
85184,	13824,	417.089996, 	3.141598
85184,	15625,	471.850006, 	3.141599
85184,	17576,	530.250000, 	3.141595
85184,	19683,	594.349976, 	3.141597
85184,	21952,	662.309998, 	3.141595
85184,	24389,	736.329956, 	3.141596
85184,	27000,	813.519958, 	6.283191
85184,	29791,	897.709961, 	6.283191
85184,	32768,	986.059998, 	6.283191
85184,	35937,	1082.099976, 	6.283192
85184,	39304,	1182.260010, 	6.283189
85184,	42875,	1290.520020, 	6.283192
85184,	46656,	1403.119995, 	6.283188
85184,	50653,	1524.179932, 	6.283722
85184,	54872,	1648.189941, 	6.283222
85184,	59319,	1782.869995, 	6.283153
85184,	64000,	1921.449951, 	6.283304
85184,	68921,	2070.800049, 	6.283212
85184,	74088,	2223.979980, 	6.283206
85184,	79507,	2387.190186, 	9.425963

0,	85184,	0.000000, 	0.000000
1,	85184,	0.470000, 	3.141584
8,	85184,	0.470000, 	3.141594
27,	85184,	0.940000, 	3.141595
64,	85184,	1.880000, 	3.141595
125,	85184,	3.780000, 	3.141595
216,	85184,	6.630000, 	3.141595
343,	85184,	10.420000, 	3.141595
512,	85184,	15.180000, 	3.141595
729,	85184,	21.809999, 	3.141595
1000,	85184,	29.890001, 	3.141595
1331,	85184,	39.879997, 	3.141595
1728,	85184,	51.329998, 	3.141595
2197,	85184,	65.609993, 	3.141595
2744,	85184,	81.849998, 	3.141595
3375,	85184,	100.500000, 	3.141595
4096,	85184,	122.029999, 	3.141595
4913,	85184,	146.830002, 	3.141595
5832,	85184,	174.199997, 	3.141595
6859,	85184,	204.889999, 	3.141595
8000,	85184,	238.949997, 	3.141595
9261,	85184,	276.899994, 	3.141595
10648,	85184,	318.660004, 	3.141595
12167,	85184,	364.250000, 	3.141595
13824,	85184,	413.850006, 	3.141595
15625,	85184,	468.220001, 	3.141595
17576,	85184,	526.940002, 	3.141595
19683,	85184,	590.400024, 	3.141595
21952,	85184,	658.479980, 	3.141595
24389,	85184,	732.040039, 	3.141595
27000,	85184,	810.059998, 	6.283191
29791,	85184,	892.940002, 	6.283191
32768,	85184,	982.239990, 	6.283191
35937,	85184,	1077.339966, 	6.283191
39304,	85184,	1178.140015, 	6.283191
42875,	85184,	1285.500000, 	6.283191
46656,	85184,	1399.549927, 	6.283191
50653,	85184,	1519.599976, 	6.283290
54872,	85184,	1645.549927, 	6.283290
59319,	85184,	1778.760010, 	6.283290
64000,	85184,	1919.130005, 	6.283290
68921,	85184,	2067.370117, 	6.283290
74088,	85184,	2222.020020, 	6.283290
79507,	85184,	2384.239990, 	9.424888
85184,	85184,	2553.840088, 	9.424888

91125,	0,	0.290000, 	0.000000
91125,	1,	0.280000, 	3.141607
91125,	8,	0.280000, 	3.141488
91125,	27,	0.980000, 	3.141590
91125,	64,	2.150000, 	3.141555
91125,	125,	4.120000, 	3.141591
91125,	216,	7.070000, 	3.141572
91125,	343,	11.180000, 	3.141594
91125,	512,	16.630001, 	3.141581
91125,	729,	23.630001, 	3.141594
91125,	1000,	32.359997, 	3.141584
91125,	1331,	43.119999, 	3.141591
91125,	1728,	55.820000, 	3.141582
91125,	2197,	71.010002, 	3.141590
91125,	2744,	88.570000, 	3.141587
91125,	3375,	109.150002, 	3.141593
91125,	4096,	132.239990, 	3.141591
91125,	4913,	158.620010, 	3.141597
91125,	5832,	188.139999, 	3.141596
91125,	6859,	221.680008, 	3.141598
91125,	8000,	258.339996, 	3.141593
91125,	9261,	299.320007, 	3.141598
91125,	10648,	343.809998, 	3.141595
91125,	12167,	393.070007, 	3.141600
91125,	13824,	446.270020, 	3.141598
91125,	15625,	504.839996, 	3.141599
91125,	17576,	567.500000, 	3.141595
91125,	19683,	634.839966, 	3.141597
91125,	21952,	708.170044, 	3.141595
91125,	24389,	787.190002, 	6.283194
91125,	27000,	869.589966, 	6.283191
91125,	29791,	959.559998, 	6.283191
91125,	32768,	1054.439941, 	6.283191
91125,	35937,	1156.900024, 	6.283192
91125,	39304,	1264.699951, 	6.283189
91125,	42875,	1380.289917, 	6.283192
91125,	46656,	1501.049927, 	6.283188
91125,	50653,	1629.770020, 	6.283722
91125,	54872,	1763.280029, 	6.283222
91125,	59319,	1907.250000, 	6.283153
91125,	64000,	2056.030029, 	6.283304
91125,	68921,	2215.850098, 	6.283212
91125,	74088,	2378.440186, 	9.424800
91125,	79507,	2553.600098, 	9.425963
91125,	85184,	2733.130127, 	9.424888

0,	91125,	0.000000, 	0.000000
1,	91125,	0.500000, 	3.141607
8,	91125,	0.500000, 	3.141594
27,	91125,	1.010000, 	3.141596
64,	91125,	2.020000, 	3.141595
125,	91125,	4.050000, 	3.141596
216,	91125,	7.090000, 	3.141596
343,	91125,	11.150001, 	3.141596
512,	91125,	16.240000, 	3.141596
729,	91125,	23.340000, 	3.141596
1000,	91125,	32.000000, 	3.141596
1331,	91125,	42.680000, 	3.141596
1728,	91125,	54.980000, 	3.141596
2197,	91125,	70.229996, 	3.141596
2744,	91125,	87.639999, 	3.141596
3375,	91125,	107.599998, 	3.141596
4096,	91125,	130.710007, 	3.141596
4913,	91125,	157.090012, 	3.141596
5832,	91125,	186.460007, 	3.141596
6859,	91125,	219.380005, 	3.141596
8000,	91125,	256.000000, 	3.141596
9261,	91125,	296.420013, 	3.141596
10648,	91125,	341.160004, 	3.141596
12167,	91125,	389.970001, 	3.141596
13824,	91125,	443.200012, 	3.141596
15625,	91125,	501.240021, 	3.141596
17576,	91125,	564.159973, 	3.141596
19683,	91125,	632.119995, 	3.141596
21952,	91125,	704.889954, 	3.141596
24389,	91125,	783.169983, 	6.283193
27000,	91125,	866.389954, 	6.283193
29791,	91125,	955.599976, 	6.283193
32768,	91125,	1051.250000, 	6.283193
35937,	91125,	1153.000000, 	6.283193
39304,	91125,	1261.549927, 	6.283193
42875,	91125,	1376.549927, 	6.283193
46656,	91125,	1497.910034, 	6.283193
50653,	91125,	1625.699951, 	6.283157
54872,	91125,	1761.130005, 	6.283157
59319,	91125,	1903.329956, 	6.283157
64000,	91125,	2054.560059, 	6.283157
68921,	91125,	2213.180176, 	6.283157
74088,	91125,	2378.330078, 	9.424751
79507,	91125,	2552.050049, 	9.424751
85184,	91125,	2734.440186, 	9.424751
91125,	91125,	2926.060059, 	9.424751

97336,	0,	0.310000, 	0.000000
97336,	1,	0.310000, 	3.141586
97336,	8,	0.310000, 	3.141488
97336,	27,	1.040000, 	3.141589
97336,	64,	2.300000, 	3.141555
97336,	125,	4.410000, 	3.141591
97336,	216,	7.550000, 	3.141572
97336,	343,	11.960000, 	3.141594
97336,	512,	17.780001, 	3.141581
97336,	729,	25.290001, 	3.141594
97336,	1000,	34.629997, 	3.141584
97336,	1331,	46.070000, 	3.141591
97336,	1728,	59.739998, 	3.141582
97336,	2197,	75.979996, 	3.141590
97336,	2744,	94.769997, 	3.141587
97336,	3375,	116.659996, 	3.141593
97336,	4096,	141.460007, 	3.141591
97336,	4913,	169.770004, 	3.141597
97336,	5832,	201.319992, 	3.141596
97336,	6859,	236.960007, 	3.141598
97336,	8000,	276.149994, 	3.141593
97336,	9261,	319.920013, 	3.141598
97336,	10648,	367.350006, 	3.141595
97336,	12167,	420.199982, 	3.141600
97336,	13824,	477.100006, 	3.141598
97336,	15625,	539.449951, 	3.141599
97336,	17576,	606.239990, 	3.141595
97336,	19683,	679.509949, 	3.141597
97336,	21952,	756.969971, 	3.141595
97336,	24389,	840.579956, 	6.283194
97336,	27000,	929.219971, 	6.283191
97336,	29791,	1025.679932, 	6.283191
97336,	32768,	1126.900024, 	6.283191
97336,	35937,	1236.809937, 	6.283192
97336,	39304,	1351.500000, 	6.283189
97336,	42875,	1475.390015, 	6.283192
97336,	46656,	1602.859985, 	6.283209
97336,	50653,	1740.689941, 	6.283722
97336,	54872,	1883.589966, 	6.283222
97336,	59319,	2036.739990, 	6.283153
97336,	64000,	2195.470215, 	6.283304
97336,	68921,	2364.830078, 	9.424809
97336,	74088,	2538.950195, 	9.424800
97336,	79507,	2728.440186, 	9.425963
97336,	85184,	2919.610107, 	9.424888
97336,	91125,	3123.460205, 	9.424770

0,	97336,	0.000000, 	0.000000
1,	97336,	0.530000, 	3.141585
8,	97336,	0.540000, 	3.141594
27,	97336,	1.070000, 	3.141595
64,	97336,	2.160000, 	3.141595
125,	97336,	4.310000, 	3.141595
216,	97336,	7.570000, 	3.141595
343,	97336,	11.900001, 	3.141595
512,	97336,	17.340000, 	3.141595
729,	97336,	24.920000, 	3.141595
1000,	97336,	34.129997, 	3.141595
1331,	97336,	45.560001, 	3.141595
1728,	97336,	58.669998, 	3.141595
2197,	97336,	74.949997, 	3.141595
2744,	97336,	93.529999, 	3.141595
3375,	97336,	114.879997, 	3.141595
4096,	97336,	139.510010, 	3.141595
4913,	97336,	167.830002, 	3.141595
5832,	97336,	199.110001, 	3.141595
6859,	97336,	234.230011, 	3.141595
8000,	97336,	273.200012, 	3.141595
9261,	97336,	316.309998, 	3.141595
10648,	97336,	363.670013, 	3.141595
12167,	97336,	416.160004, 	3.141595
13824,	97336,	472.880005, 	3.141595
15625,	97336,	535.059998, 	3.141595
17576,	97336,	602.009949, 	3.141595
19683,	97336,	674.619995, 	3.141595
21952,	97336,	752.199951, 	3.141595
24389,	97336,	835.130005, 	6.283189
27000,	97336,	924.250000, 	6.283189
29791,	97336,	1019.719971, 	6.283189
32768,	97336,	1121.689941, 	6.283189
35937,	97336,	1230.739990, 	6.283189
39304,	97336,	1346.459961, 	6.283189
42875,	97336,	1469.049927, 	6.283189
46656,	97336,	1597.869995, 	6.283200
50653,	97336,	1734.489990, 	6.283200
54872,	97336,	1879.119995, 	6.283200
59319,	97336,	2031.789917, 	6.283200
64000,	97336,	2192.630127, 	6.283200
68921,	97336,	2360.710205, 	9.424795
74088,	97336,	2537.450195, 	9.424795
79507,	97336,	2723.300049, 	9.424795
85184,	97336,	2918.280029, 	9.424795
91125,	97336,	3121.360107, 	9.424809
97336,	97336,	3333.940186, 	9.424809

103823,	0,	0.320000, 	0.000000
103823,	1,	0.320000, 	3.141605
103823,	8,	0.320000, 	3.141488
103823,	27,	1.110000, 	3.141590
103823,	64,	2.450000, 	3.141555
103823,	125,	4.700000, 	3.141591
103823,	216,	8.060000, 	3.141572
103823,	343,	12.750000, 	3.141594
103823,	512,	18.970001, 	3.141581
103823,	729,	26.980000, 	3.141594
103823,	1000,	36.939999, 	3.141584
103823,	1331,	49.139999, 	3.141591
103823,	1728,	63.709999, 	3.141582
103823,	2197,	81.049995, 	3.141590
103823,	2744,	101.099998, 	3.141587
103823,	3375,	124.379997, 	3.141593
103823,	4096,	150.860001, 	3.141591
103823,	4913,	181.040009, 	3.141597
103823,	5832,	214.710007, 	3.141596
103823,	6859,	252.690002, 	3.141598
103823,	8000,	294.540009, 	3.141593
103823,	9261,	341.140015, 	3.141598
103823,	10648,	391.869995, 	3.141595
103823,	12167,	448.190002, 	3.141600
103823,	13824,	508.740021, 	3.141598
103823,	15625,	575.579956, 	3.141599
103823,	17576,	646.880005, 	3.141595
103823,	19683,	724.880005, 	3.141597
103823,	21952,	806.880005, 	6.283193
103823,	24389,	896.449951, 	6.283194
103823,	27000,	991.130005, 	6.283191
103823,	29791,	1094.089966, 	6.283191
103823,	32768,	1202.239990, 	6.283191
103823,	35937,	1319.539917, 	6.283192
103823,	39304,	1441.849976, 	6.283189
103823,	42875,	1573.109985, 	6.283164
103823,	46656,	1709.390015, 	6.283209
103823,	50653,	1856.699951, 	6.283722
103823,	54872,	2009.559937, 	6.283222
103823,	59319,	2173.960205, 	6.283153
103823,	64000,	2342.380127, 	9.424899
103823,	68921,	2523.330078, 	9.424809
103823,	74088,	2709.870117, 	9.424800
103823,	79507,	2910.250000, 	9.425963
103823,	85184,	3114.010010, 	9.424936
103823,	91125,	3332.690186, 	9.424770
103823,	97336,	3556.479980, 	9.424809

0,	103823,	0.000000, 	0.000000
1,	103823,	0.570000, 	3.141605
8,	103823,	0.570000, 	3.141594
27,	103823,	1.150000, 	3.141596
64,	103823,	2.300000, 	3.141595
125,	103823,	4.610000, 	3.141595
216,	103823,	8.080000, 	3.141595
343,	103823,	12.710000, 	3.141595
512,	103823,	18.500000, 	3.141595
729,	103823,	26.580000, 	3.141595
1000,	103823,	36.449997, 	3.141595
1331,	103823,	48.629997, 	3.141595
1728,	103823,	62.660000, 	3.141595
2197,	103823,	79.989998, 	3.141595
2744,	103823,	99.809998, 	3.141595
3375,	103823,	122.619995, 	3.141595
4096,	103823,	149.000000, 	3.141595
4913,	103823,	179.000000, 	3.141595
5832,	103823,	212.470001, 	3.141595
6859,	103823,	249.889999, 	3.141595
8000,	103823,	291.750000, 	3.141595
9261,	103823,	337.740021, 	3.141595
10648,	103823,	388.580017, 	3.141595
12167,	103823,	444.320007, 	3.141595
13824,	103823,	505.000000, 	3.141595
15625,	103823,	571.130005, 	3.141595
17576,	103823,	642.690002, 	3.141595
19683,	103823,	719.799988, 	3.141595
21952,	103823,	802.380005, 	6.283190
24389,	103823,	891.179993, 	6.283190
27000,	103823,	986.449951, 	6.283190
29791,	103823,	1088.299927, 	6.283190
32768,	103823,	1197.469971, 	6.283190
35937,	103823,	1313.679932, 	6.283190
39304,	103823,	1437.270020, 	6.283190
42875,	103823,	1567.289917, 	6.283178
46656,	103823,	1704.989990, 	6.283178
50653,	103823,	1851.109985, 	6.283178
54872,	103823,	2005.819946, 	6.283178
59319,	103823,	2168.970215, 	6.283178
64000,	103823,	2339.479980, 	9.424774
68921,	103823,	2519.070068, 	9.424774
74088,	103823,	2708.250000, 	9.424774
79507,	103823,	2906.930176, 	9.424774
85184,	103823,	3113.920166, 	9.424759
91125,	103823,	3330.960205, 	9.424759
97336,	103823,	3558.500000, 	9.424759
103823,	103823,	3796.020020, 	12.566355

110592,	0,	0.340000, 	0.000000
110592,	1,	0.340000, 	3.141587
110592,	8,	0.350000, 	3.141488
110592,	27,	1.180000, 	3.141589
110592,	64,	2.620000, 	3.141555
110592,	125,	5.010000, 	3.141591
110592,	216,	8.590000, 	3.141572
110592,	343,	13.600000, 	3.141594
110592,	512,	20.200001, 	3.141581
110592,	729,	28.740000, 	3.141594
110592,	1000,	39.349998, 	3.141584
110592,	1331,	52.359997, 	3.141591
110592,	1728,	67.889999, 	3.141582
110592,	2197,	86.339996, 	3.141590
110592,	2744,	107.709999, 	3.141587
110592,	3375,	132.560013, 	3.141593
110592,	4096,	160.720001, 	3.141591
110592,	4913,	192.860001, 	3.141597
110592,	5832,	228.770004, 	3.141596
110592,	6859,	269.279999, 	3.141598
110592,	8000,	313.800018, 	3.141593
110592,	9261,	363.459991, 	3.141598
110592,	10648,	417.570007, 	3.141595
110592,	12167,	477.559998, 	3.141600
110592,	13824,	542.109985, 	3.141598
110592,	15625,	613.239990, 	3.141599
110592,	17576,	689.179993, 	3.141595
110592,	19683,	771.989990, 	6.283192
110592,	21952,	859.239990, 	6.283193
110592,	24389,	954.779968, 	6.283194
110592,	27000,	1055.819946, 	6.283191
110592,	29791,	1165.569946, 	6.283191
110592,	32768,	1280.890015, 	6.283191
110592,	35937,	1405.869995, 	6.283192
110592,	39304,	1535.679932, 	6.283247
110592,	42875,	1675.280029, 	6.283164
110592,	46656,	1820.890015, 	6.283209
110592,	50653,	1978.109985, 	6.283722
110592,	54872,	2140.870117, 	6.283222
110592,	59319,	2315.440186, 	9.424751
110592,	64000,	2494.530029, 	9.424899
110592,	68921,	2688.090088, 	9.424809
110592,	74088,	2886.150146, 	9.424800
110592,	79507,	3099.500000, 	9.426556
110592,	85184,	3315.810059, 	9.424936
110592,	91125,	3549.340088, 	9.424770
110592,	97336,	3788.760010, 	12.566405
110592,	103823,	4042.560059, 	12.566355

0,	110592,	0.000000, 	0.000000
1,	110592,	0.600000, 	3.141586
8,	110592,	0.610000, 	3.141594
27,	110592,	1.220000, 	3.141594
64,	110592,	2.450000, 	3.141594
125,	110592,	4.910000, 	3.141594
216,	110592,	8.610001, 	3.141594
343,	110592,	13.510000, 	3.141594
512,	110592,	19.660000, 	3.141594
729,	110592,	28.290001, 	3.141594
1000,	110592,	38.789997, 	3.141594
1331,	110592,	51.739998, 	3.141594
1728,	110592,	66.650002, 	3.141594
2197,	110592,	85.159996, 	3.141594
2744,	110592,	106.250000, 	3.141594
3375,	110592,	130.500000, 	3.141594
4096,	110592,	158.450012, 	3.141594
4913,	110592,	190.610001, 	3.141594
5832,	110592,	226.150009, 	3.141594
6859,	110592,	266.020020, 	3.141594
8000,	110592,	310.320007, 	3.141594
9261,	110592,	359.390015, 	3.141594
10648,	110592,	413.640015, 	3.141594
12167,	110592,	472.940002, 	3.141594
13824,	110592,	537.399963, 	3.141594
15625,	110592,	607.779968, 	3.141594
17576,	110592,	684.000000, 	3.141594
19683,	110592,	766.039978, 	6.283189
21952,	110592,	853.380005, 	6.283189
24389,	110592,	948.149963, 	6.283189
27000,	110592,	1049.699951, 	6.283189
29791,	110592,	1158.119995, 	6.283189
32768,	110592,	1274.280029, 	6.283189
35937,	110592,	1398.400024, 	6.283189
39304,	110592,	1529.150024, 	6.283198
42875,	110592,	1667.309937, 	6.283198
46656,	110592,	1814.179932, 	6.283198
50653,	110592,	1970.030029, 	6.283198
54872,	110592,	2134.729980, 	6.283198
59319,	110592,	2307.590088, 	9.424792
64000,	110592,	2488.910156, 	9.424792
68921,	110592,	2680.690186, 	9.424792
74088,	110592,	2882.290039, 	9.424792
79507,	110592,	3092.910156, 	9.424804
85184,	110592,	3313.090088, 	9.424804
91125,	110592,	3544.750000, 	9.424804
97336,	110592,	3785.600098, 	12.566398
